id;category_name;status;date_added;date_modified
1;Table;Active;2020-04-29;2020-04-30
2;bypassing SCSI applications;Active;2020-04-30;2020-04-29
3;transmitting XML orchestrate;Active;2020-04-30;2020-04-29
4;Soap Chad Regional;Active;2020-04-29;2020-04-30
5;Program Identity;Active;2020-04-29;2020-04-30
6;Chicken violet;Active;2020-04-29;2020-04-29
7;pink Investor;Active;2020-04-30;2020-04-30
8;Future Specialist bypass;Inactive;2020-04-29;2020-04-29
9;throughput Home Loan Account revolutionize;Active;2020-04-30;2020-04-29
10;Liechtenstein;Inactive;2020-04-29;2020-04-29
