id;name;email;contact;message;date_added;date_modified
1;1080p software;Beaulah71@hotmail.com;45786;Handcrafted;2020-04-29;2020-04-29
2;Armenia Assurance lime;Jada64@hotmail.com;63026;payment silver Antigua and Barbuda;2020-04-30;2020-04-29
3;Rubber Regional input;Mortimer.Hermann@hotmail.com;93804;Response;2020-04-29;2020-04-29
4;Representative;Lafayette13@hotmail.com;54268;Tuna intuitive;2020-04-29;2020-04-30
5;Synergistic;Kobe23@yahoo.com;91206;transmitting;2020-04-30;2020-04-29
6;Sweden budgetary management;Vance_Walsh65@yahoo.com;60597;Automotive;2020-04-29;2020-04-30
7;Organic;Velma.Treutel26@yahoo.com;51138;synthesizing generate;2020-04-29;2020-04-29
8;out-of-the-box index Operative;April.Runolfsdottir@gmail.com;92279;Alaska Home Loan Account;2020-04-29;2020-04-29
9;hack Sierra Leone Oklahoma;Cole64@gmail.com;17719;teal bandwidth;2020-04-30;2020-04-30
10;Zambia impactful;Westley.Durgan@yahoo.com;17249;Credit Card Account;2020-04-29;2020-04-30
